date,Temp,Prec,Evap,obs
2009-01-01,-7.02,0.0,0.31,1.07
2009-01-02,-4.15,0.24,0.4,1.02
2009-01-03,-7.37,1.96,0.31,0.95
2009-01-04,-3.86,6.35,0.42,0.89
2009-01-05,-4.99,0.46,0.39,0.84
2009-01-06,-11.79,0.0,0.17,0.78
2009-01-07,-11.17,0.07,0.2,0.73
2009-01-08,-10.66,0.0,0.22,0.71
2009-01-09,-10.27,0.0,0.24,0.67
2009-01-10,-8.75,0.0,0.3,0.65
2009-01-11,-9.81,0.0,0.26,0.63
2009-01-12,-8.02,0.0,0.33,0.61
2009-01-13,-5.93,0.0,0.42,0.61
2009-01-14,-6.37,0.05,0.41,0.6
2009-01-15,-3.25,0.0,0.54,0.6
2009-01-16,-4.69,0.14,0.49,0.58
2009-01-17,-1.87,2.01,0.61,0.56
2009-01-18,0.98,7.53,0.74,0.56
2009-01-19,1.24,7.28,0.76,0.63
2009-01-20,0.96,0.18,0.76,0.76
2009-01-21,-0.71,0.03,0.7,0.65
2009-01-22,-1.03,0.0,0.7,0.56
2009-01-23,0.16,18.99,0.76,0.56
2009-01-24,0.76,0.07,0.8,1.16
2009-01-25,-0.75,0.0,0.74,0.91
2009-01-26,-2.23,0.0,0.68,0.71
2009-01-27,-1.19,0.01,0.74,0.61
2009-01-28,-1.99,0.0,0.72,0.56
2009-01-29,-3.42,0.0,0.66,0.53
2009-01-30,-4.68,0.0,0.61,0.5
2009-01-31,-2.8,1.05,0.71,0.49
2009-02-01,-4.02,0.01,0.56,0.47
2009-02-02,-1.17,0.0,0.69,0.46
2009-02-03,-0.4,0.04,0.74,0.46
2009-02-04,-1.22,0.42,0.71,0.46
2009-02-05,0.42,0.29,0.8,0.44
2009-02-06,1.33,0.18,0.85,0.44
2009-02-07,0.69,0.08,0.83,0.46
2009-02-08,-0.19,0.01,0.8,0.46
2009-02-09,-1.32,11.14,0.75,0.44
2009-02-10,0.87,17.63,0.87,0.91
2009-02-11,-0.94,5.72,0.79,1.42
2009-02-12,-3.32,2.66,0.68,0.78
2009-02-13,-2.71,2.68,0.72,0.65
2009-02-14,-4.22,0.01,0.65,0.6
2009-02-15,-6.15,2.31,0.56,0.53
2009-02-16,-1.51,11.89,0.81,0.55
2009-02-17,-2.67,1.06,0.76,0.56
2009-02-18,-7.03,0.0,0.54,0.58
2009-02-19,-6.63,4.05,0.56,0.53
2009-02-20,-1.46,3.85,0.85,0.56
2009-02-21,0.62,5.82,0.98,0.56
2009-02-22,0.95,4.86,1.01,0.58
2009-02-23,1.33,3.72,1.04,0.87
2009-02-24,-0.37,0.06,0.95,1.42
2009-02-25,0.2,1.12,1.0,1.16
2009-02-26,1.84,7.54,1.1,1.13
2009-02-27,2.92,8.58,1.18,2.27
2009-02-28,3.75,1.54,1.24,4.15
2009-03-01,2.77,0.3,1.37,3.59
2009-03-02,2.33,0.97,1.36,3.35
2009-03-03,1.56,0.01,1.31,3.05
2009-03-04,3.57,0.0,1.47,3.02
2009-03-05,2.94,5.26,1.44,3.15
2009-03-06,3.26,5.26,1.47,3.78
2009-03-07,0.62,0.7,1.29,4.23
2009-03-08,1.91,6.46,1.4,3.48
2009-03-09,1.69,2.62,1.4,3.67
2009-03-10,1.73,13.21,1.41,3.38
2009-03-11,1.77,0.8,1.42,4.11
2009-03-12,1.33,17.49,1.4,3.74
2009-03-13,4.17,0.0,1.63,4.66
2009-03-14,4.28,1.32,1.65,4.31
2009-03-15,4.95,2.83,1.72,4.15
2009-03-16,4.46,0.1,1.69,4.31
2009-03-17,4.71,0.0,1.72,4.19
2009-03-18,2.59,0.0,1.57,3.89
2009-03-19,1.53,0.4,1.49,3.56
2009-03-20,-1.36,0.0,1.27,3.11
2009-03-21,-0.15,0.0,1.37,2.73
2009-03-22,2.11,1.89,1.57,2.46
2009-03-23,4.01,5.41,1.74,2.38
2009-03-24,0.47,1.8,1.45,2.43
2009-03-25,-1.65,11.27,1.28,2.25
2009-03-26,2.46,9.55,1.64,2.25
2009-03-27,4.58,1.74,1.83,3.28
2009-03-28,3.75,6.39,1.77,3.48
2009-03-29,3.96,0.04,1.79,3.63
2009-03-30,3.35,0.0,1.75,3.28
2009-03-31,4.64,0.0,1.87,3.02
2009-04-01,7.39,0.0,3.35,2.79
2009-04-02,11.12,0.0,3.88,2.82
2009-04-03,11.98,0.0,4.01,3.38
2009-04-04,11.0,0.85,3.89,3.89
2009-04-05,10.37,1.11,3.82,3.82
2009-04-06,11.16,0.0,3.95,3.59
2009-04-07,12.6,0.31,4.17,3.28
2009-04-08,10.96,0.01,3.95,2.99
2009-04-09,11.66,0.0,4.07,2.63
2009-04-10,13.64,0.0,4.37,2.33
2009-04-11,14.94,0.0,4.57,2.1
2009-04-12,14.42,0.0,4.51,1.93
2009-04-13,13.6,0.0,4.4,1.77
2009-04-14,13.3,1.15,4.37,1.59
2009-04-15,14.01,0.0,4.49,1.44
2009-04-16,13.96,6.29,4.5,1.33
2009-04-17,8.22,31.22,3.67,1.53
2009-04-18,7.17,2.09,3.53,2.35
2009-04-19,9.35,0.0,3.86,1.82
2009-04-20,10.92,0.0,4.1,1.59
2009-04-21,11.96,0.0,4.26,1.46
2009-04-22,8.61,1.1,3.77,1.33
2009-04-23,5.67,0.49,3.35,1.24
2009-04-24,9.51,0.0,3.92,1.16
2009-04-25,13.09,0.0,4.46,1.11
2009-04-26,13.27,0.0,4.49,1.05
2009-04-27,13.29,0.0,4.5,0.99
2009-04-28,11.09,4.13,4.18,0.91
2009-04-29,7.85,5.97,3.7,0.95
2009-04-30,9.78,4.68,3.99,1.04
2009-05-01,12.49,0.02,4.09,0.93
2009-05-02,12.83,0.56,4.14,0.84
2009-05-03,12.63,2.3,4.11,0.8
2009-05-04,6.67,0.02,3.29,0.78
2009-05-05,6.18,8.31,3.22,0.8
2009-05-06,9.3,0.95,3.66,0.97
2009-05-07,12.62,0.09,4.12,0.87
2009-05-08,12.57,2.91,4.11,0.84
2009-05-09,12.52,9.17,4.1,0.84
2009-05-10,13.65,4.53,4.26,1.13
2009-05-11,10.91,9.44,3.88,1.07
2009-05-12,10.59,1.87,3.83,1.1
2009-05-13,11.41,0.01,3.94,0.87
2009-05-14,12.08,0.0,4.03,0.82
2009-05-15,13.01,16.18,4.15,0.78
2009-05-16,10.88,0.0,3.85,1.13
2009-05-17,14.56,10.35,4.36,0.87
2009-05-18,13.95,0.01,4.27,1.02
2009-05-19,14.09,0.0,4.28,0.85
2009-05-20,16.39,4.2,4.59,0.8
2009-05-21,16.51,2.39,4.6,0.8
2009-05-22,13.7,1.37,4.2,0.8
2009-05-23,13.13,0.0,4.12,0.73
2009-05-24,18.5,0.0,4.84,0.69
2009-05-25,19.57,0.0,4.97,0.65
2009-05-26,18.25,3.09,4.78,0.61
2009-05-27,11.43,0.0,3.85,0.6
2009-05-28,10.27,2.72,3.68,0.6
2009-05-29,9.63,0.0,3.58,0.6
2009-05-30,11.06,1.33,3.77,0.55
2009-05-31,12.98,0.09,4.01,0.55
2009-06-01,14.61,0.03,3.89,0.53
2009-06-02,16.37,0.0,4.1,0.52
2009-06-03,10.23,0.0,3.33,0.5
2009-06-04,8.04,0.26,3.05,0.49
2009-06-05,8.61,0.01,3.11,0.49
2009-06-06,7.91,5.39,3.01,0.5
2009-06-07,10.82,2.93,3.35,0.5
2009-06-08,13.07,0.58,3.61,0.5
2009-06-09,13.45,7.22,3.64,0.49
2009-06-10,13.17,6.13,3.59,0.52
2009-06-11,11.9,6.96,3.42,0.58
2009-06-12,10.85,0.25,3.28,0.55
2009-06-13,12.5,0.0,3.46,0.46
2009-06-14,16.33,5.48,3.89,0.43
2009-06-15,15.73,38.03,3.8,0.53
2009-06-16,12.0,3.9,3.35,1.53
2009-06-17,13.91,0.0,3.55,0.97
2009-06-18,16.5,0.19,3.83,0.71
2009-06-19,15.07,0.06,3.65,0.61
2009-06-20,11.13,1.55,3.18,0.53
2009-06-21,10.3,2.13,3.07,0.53
2009-06-22,10.42,2.45,3.06,0.53
2009-06-23,13.64,0.0,3.4,0.5
2009-06-24,15.36,0.01,3.57,0.46
2009-06-25,15.38,0.04,3.55,0.46
2009-06-26,16.86,0.82,3.69,0.44
2009-06-27,16.82,2.09,3.66,0.46
2009-06-28,16.59,0.04,3.61,0.44
2009-06-29,18.04,0.0,3.74,0.43
2009-06-30,19.8,0.0,3.9,0.4
2009-07-01,20.48,0.55,3.95,0.39
2009-07-02,20.18,3.31,3.89,0.44
2009-07-03,20.11,9.4,3.85,0.43
2009-07-04,19.27,1.6,3.73,0.47
2009-07-05,19.28,1.6,3.71,0.41
2009-07-06,16.4,7.25,3.38,0.44
2009-07-07,15.19,2.48,3.24,0.49
2009-07-08,12.7,7.87,2.96,0.47
2009-07-09,13.25,0.43,2.99,0.49
2009-07-10,11.4,4.38,2.78,0.43
2009-07-11,12.38,4.04,2.86,0.47
2009-07-12,15.37,0.04,3.12,0.47
2009-07-13,18.67,4.37,3.41,0.43
2009-07-14,18.3,1.59,3.34,0.44
2009-07-15,18.39,0.03,3.32,0.41
2009-07-16,19.55,0.0,3.4,0.39
2009-07-17,18.26,10.69,3.25,0.37
2009-07-18,13.17,2.74,2.75,0.52
2009-07-19,12.79,6.47,2.69,0.47
2009-07-20,13.86,1.9,2.76,0.49
2009-07-21,18.08,4.05,3.1,0.44
2009-07-22,20.37,0.84,3.27,0.47
2009-07-23,18.71,15.44,3.1,0.46
2009-07-24,15.88,6.12,2.82,0.87
2009-07-25,13.9,3.35,2.62,0.74
2009-07-26,14.89,0.0,2.68,0.65
2009-07-27,18.98,1.82,2.99,0.58
2009-07-28,16.6,0.0,2.76,0.55
2009-07-29,17.49,0.01,2.8,0.52
2009-07-30,17.05,0.07,2.73,0.47
2009-07-31,14.52,0.0,2.5,0.46
2009-08-01,17.43,0.0,3.26,0.44
2009-08-02,18.38,0.97,3.31,0.43
2009-08-03,15.01,0.0,2.96,0.44
2009-08-04,15.61,0.0,2.97,0.4
2009-08-05,17.34,0.0,3.09,0.39
2009-08-06,19.54,0.0,3.25,0.37
2009-08-07,20.93,0.0,3.33,0.36
2009-08-08,19.87,5.2,3.2,0.33
2009-08-09,18.26,0.36,3.02,0.37
2009-08-10,17.6,4.46,2.92,0.37
2009-08-11,17.23,0.49,2.85,0.39
2009-08-12,16.57,7.18,2.76,0.36
2009-08-13,16.0,0.15,2.68,0.41
2009-08-14,14.74,0.0,2.54,0.36
2009-08-15,17.65,0.0,2.74,0.33
2009-08-16,20.61,1.5,2.93,0.32
2009-08-17,19.91,1.09,2.83,0.33
2009-08-18,16.92,0.0,2.57,0.32
2009-08-19,20.05,0.0,2.76,0.3
2009-08-20,23.9,2.05,3.01,0.3
2009-08-21,18.31,4.99,2.56,0.41
2009-08-22,14.33,0.0,2.24,0.37
2009-08-23,15.4,0.0,2.28,0.36
2009-08-24,18.08,0.0,2.43,0.34
2009-08-25,18.94,0.92,2.45,0.34
2009-08-26,17.98,0.08,2.35,0.34
2009-08-27,18.93,0.0,2.38,0.34
2009-08-28,18.22,0.0,2.29,0.34
2009-08-29,12.32,1.59,1.88,0.33
2009-08-30,12.2,0.0,1.84,0.34
2009-08-31,15.57,0.0,2.02,0.33
2009-09-01,19.76,4.53,1.8,0.36
2009-09-02,17.69,4.69,1.68,0.39
2009-09-03,15.21,9.07,1.53,0.46
2009-09-04,12.17,17.07,1.36,0.49
2009-09-05,10.52,3.17,1.27,0.65
2009-09-06,10.94,0.0,1.26,0.52
2009-09-07,13.37,0.0,1.35,0.46
2009-09-08,15.61,0.0,1.43,0.4
2009-09-09,16.45,0.0,1.44,0.37
2009-09-10,15.3,0.0,1.37,0.36
2009-09-11,13.57,0.01,1.27,0.34
2009-09-12,12.07,0.0,1.19,0.34
2009-09-13,9.8,8.2,1.08,0.34
2009-09-14,9.81,27.09,1.06,0.44
2009-09-15,13.22,1.1,1.17,0.87
2009-09-16,14.64,0.02,1.21,0.61
2009-09-17,12.86,0.0,1.12,0.52
2009-09-18,14.58,0.0,1.17,0.44
2009-09-19,15.96,0.0,1.2,0.43
2009-09-20,16.75,0.3,1.2,0.41
2009-09-21,14.85,1.8,1.12,0.44
2009-09-22,14.62,0.0,1.09,0.4
2009-09-23,14.51,0.01,1.07,0.39
2009-09-24,13.34,0.96,1.01,0.39
2009-09-25,9.97,0.0,0.88,0.37
2009-09-26,11.12,0.0,0.91,0.36
2009-09-27,12.08,0.0,0.92,0.36
2009-09-28,12.01,0.0,0.91,0.36
2009-09-29,12.45,1.26,0.9,0.36
2009-09-30,12.57,1.32,0.89,0.36
2009-10-01,10.85,1.01,0.63,0.37
2009-10-02,7.38,0.29,0.54,0.36
2009-10-03,9.55,0.01,0.58,0.36
2009-10-04,10.44,4.12,0.59,0.34
2009-10-05,10.34,9.69,0.58,0.37
2009-10-06,14.44,9.57,0.65,0.53
2009-10-07,17.41,1.17,0.7,0.63
2009-10-08,14.0,2.25,0.62,0.5
2009-10-09,7.94,0.22,0.5,0.5
2009-10-10,9.86,6.06,0.53,0.5
2009-10-11,9.65,13.47,0.51,0.53
2009-10-12,5.5,3.62,0.43,0.82
2009-10-13,3.96,0.46,0.39,0.74
2009-10-14,1.11,0.02,0.34,0.61
2009-10-15,0.61,1.59,0.32,0.58
2009-10-16,2.78,14.69,0.36,0.67
2009-10-17,3.38,4.45,0.36,0.93
2009-10-18,2.88,0.98,0.35,0.84
2009-10-19,0.57,0.0,0.31,0.78
2009-10-20,1.02,0.0,0.31,0.78
2009-10-21,2.26,0.0,0.33,0.76
2009-10-22,3.94,2.69,0.35,0.78
2009-10-23,6.65,0.0,0.4,0.74
2009-10-24,6.3,2.13,0.39,0.69
2009-10-25,8.12,1.15,0.41,0.69
2009-10-26,8.03,1.49,0.41,0.67
2009-10-27,8.98,0.35,0.42,0.67
2009-10-28,7.23,0.0,0.39,0.6
2009-10-29,7.65,0.02,0.4,0.5
2009-10-30,5.99,0.01,0.37,0.44
2009-10-31,0.96,0.0,0.29,0.41
2009-11-01,2.82,5.55,0.23,0.43
2009-11-02,5.17,12.0,0.26,0.52
2009-11-03,4.82,8.34,0.25,0.69
2009-11-04,5.16,10.79,0.26,1.04
2009-11-05,5.22,0.62,0.26,1.33
2009-11-06,5.31,0.07,0.26,1.16
2009-11-07,3.49,0.12,0.24,1.07
2009-11-08,4.39,4.03,0.25,0.99
2009-11-09,3.07,5.88,0.23,1.05
2009-11-10,3.16,0.88,0.23,1.07
2009-11-11,3.79,0.0,0.24,0.97
2009-11-12,3.12,0.47,0.23,0.89
2009-11-13,7.52,0.19,0.29,0.84
2009-11-14,7.93,0.57,0.29,0.8
2009-11-15,7.72,0.0,0.29,0.76
2009-11-16,7.3,10.29,0.29,0.8
2009-11-17,9.18,9.49,0.31,1.13
2009-11-18,7.1,0.0,0.29,1.27
2009-11-19,6.61,0.0,0.28,1.13
2009-11-20,6.71,0.0,0.29,1.07
2009-11-21,7.84,0.0,0.3,1.02
2009-11-22,7.84,2.05,0.31,0.97
2009-11-23,7.17,16.14,0.3,0.99
2009-11-24,8.37,6.32,0.32,1.57
2009-11-25,8.95,1.28,0.33,1.66
2009-11-26,6.27,2.88,0.3,1.53
2009-11-27,5.35,2.28,0.29,1.5
2009-11-28,5.33,3.29,0.29,1.44
2009-11-29,6.16,0.0,0.3,1.39
2009-11-30,3.77,9.46,0.28,1.24
2009-12-01,2.26,1.08,0.28,1.46
2009-12-02,0.85,0.08,0.26,1.33
2009-12-03,2.55,4.42,0.29,1.22
2009-12-04,1.7,2.26,0.28,1.31
2009-12-05,0.53,7.62,0.27,1.29
2009-12-06,4.88,5.88,0.34,1.42
2009-12-07,4.29,6.03,0.34,1.68
2009-12-08,5.18,2.02,0.36,1.86
2009-12-09,3.29,1.38,0.33,1.84
2009-12-10,3.6,26.6,0.34,2.07
2009-12-11,1.18,1.64,0.31,4.35
2009-12-12,-0.68,0.66,0.28,3.63
2009-12-13,-3.32,0.38,0.24,2.92
2009-12-14,-4.14,0.04,0.23,2.49
2009-12-15,-3.34,0.42,0.24,2.15
2009-12-16,-5.26,0.06,0.21,1.86
2009-12-17,-7.92,0.04,0.17,1.68
2009-12-18,-11.01,0.93,0.11,1.5
2009-12-19,-15.88,0.06,0.02,1.35
2009-12-20,-12.92,4.66,0.08,1.2
2009-12-21,-4.57,3.59,0.25,1.16
2009-12-22,1.77,18.58,0.38,1.27
2009-12-23,-0.16,0.52,0.35,1.62
2009-12-24,0.35,5.27,0.36,1.39
2009-12-25,2.64,0.13,0.42,1.79
2009-12-26,-0.0,0.0,0.37,1.84
2009-12-27,-2.16,1.68,0.33,1.5
2009-12-28,0.36,0.02,0.39,1.39
2009-12-29,-2.2,12.13,0.34,1.31
2009-12-30,2.83,8.36,0.46,1.64
2009-12-31,3.01,7.51,0.47,3.28
2010-01-01,-2.94,1.49,0.32,3.52
2010-01-02,-5.45,0.79,0.27,2.89
2010-01-03,-4.22,2.75,0.3,2.49
2010-01-04,-6.99,0.0,0.24,2.22
2010-01-05,-8.82,0.01,0.2,1.97
2010-01-06,-8.86,0.0,0.2,1.82
2010-01-07,-8.64,0.0,0.21,1.64
2010-01-08,-7.98,1.08,0.23,1.48
2010-01-09,-5.71,0.67,0.29,1.37
2010-01-10,-5.57,4.48,0.3,1.33
2010-01-11,-6.65,0.25,0.28,1.22
2010-01-12,-6.69,0.01,0.28,1.16
2010-01-13,-8.3,1.19,0.24,1.1
2010-01-14,-3.05,0.12,0.4,1.05
2010-01-15,-3.43,0.0,0.39,0.99
2010-01-16,-4.14,2.64,0.38,0.95
2010-01-17,-0.66,6.26,0.49,0.91
2010-01-18,1.19,4.12,0.55,0.93
2010-01-19,0.25,2.01,0.53,0.93
2010-01-20,-0.04,0.01,0.53,0.89
2010-01-21,-2.93,0.0,0.45,0.84
2010-01-22,-5.99,0.0,0.36,0.78
2010-01-23,-6.07,0.0,0.36,0.74
2010-01-24,-6.09,2.85,0.36,0.71
2010-01-25,-5.35,0.91,0.4,0.69
2010-01-26,-9.15,0.05,0.27,0.67
2010-01-27,-11.32,6.82,0.2,0.58
2010-01-28,-2.57,3.68,0.51,0.65
2010-01-29,-1.31,9.52,0.57,0.69
2010-01-30,-3.99,2.52,0.48,0.71
2010-01-31,-6.91,2.01,0.37,0.65
2010-02-01,-3.91,3.57,0.6,0.6
2010-02-02,-3.6,12.13,0.62,0.6
2010-02-03,-1.32,0.19,0.74,0.61
2010-02-04,-0.56,0.15,0.78,0.6
2010-02-05,-0.99,0.01,0.77,0.58
2010-02-06,-0.52,0.14,0.81,0.55
2010-02-07,-3.71,0.0,0.66,0.53
2010-02-08,-8.79,0.0,0.41,0.5
2010-02-09,-9.73,0.29,0.37,0.47
2010-02-10,-8.17,1.63,0.46,0.52
2010-02-11,-6.76,1.75,0.54,0.5
2010-02-12,-4.69,1.08,0.65,0.49
2010-02-13,-6.13,0.26,0.58,0.49
2010-02-14,-6.22,0.21,0.59,0.47
2010-02-15,-5.98,0.02,0.61,0.47
2010-02-16,-6.95,0.0,0.56,0.47
2010-02-17,-4.6,0.01,0.7,0.46
2010-02-18,0.11,0.1,0.97,0.49
2010-02-19,1.69,3.25,1.08,0.5
2010-02-20,-0.69,0.6,0.95,0.58
2010-02-21,-0.96,3.66,0.94,0.53
2010-02-22,0.93,2.47,1.07,0.52
2010-02-23,3.67,12.83,1.24,0.67
2010-02-24,3.71,0.57,1.26,1.99
2010-02-25,4.79,3.05,1.34,2.46
2010-02-26,4.26,3.67,1.32,4.0
2010-02-27,3.2,0.87,1.27,5.73
2010-02-28,4.69,3.35,1.37,4.79
2010-03-01,2.34,0.83,1.64,5.62
2010-03-02,-0.18,0.24,1.44,4.35
2010-03-03,-0.69,0.0,1.41,3.31
2010-03-04,-2.46,0.09,1.27,2.73
2010-03-05,-4.43,9.8,1.11,2.38
2010-03-06,-4.97,1.68,1.07,2.15
2010-03-07,-7.01,0.0,0.9,1.9
2010-03-08,-7.07,0.14,0.9,1.7
2010-03-09,-6.21,0.0,0.99,1.57
2010-03-10,-3.2,0.0,1.27,1.48
2010-03-11,-3.63,0.19,1.24,1.39
2010-03-12,-0.86,0.81,1.51,1.31
2010-03-13,1.12,1.23,1.71,1.24
2010-03-14,1.7,3.37,1.78,1.24
2010-03-15,0.86,7.18,1.71,1.29
2010-03-16,2.72,0.09,1.9,1.53
2010-03-17,4.27,0.0,2.07,1.5
2010-03-18,6.07,0.0,2.26,1.44
2010-03-19,8.55,0.93,2.52,1.46
2010-03-20,9.29,4.81,2.61,1.66
2010-03-21,9.47,3.83,2.64,2.52
2010-03-22,6.44,0.09,2.35,3.93
2010-03-23,6.0,0.0,2.32,3.45
2010-03-24,8.38,0.0,2.58,2.92
2010-03-25,11.3,0.0,2.89,2.68
2010-03-26,10.19,4.55,2.8,2.6
2010-03-27,5.86,0.59,2.37,2.7
2010-03-28,5.86,3.52,2.38,2.54
2010-03-29,7.66,6.45,2.58,2.43
2010-03-30,10.43,6.7,2.88,2.54
2010-03-31,4.81,0.74,2.31,2.63
2010-04-01,3.1,0.0,2.66,2.3
2010-04-02,2.59,0.04,2.61,2.05
2010-04-03,5.59,1.82,3.02,1.86
2010-04-04,6.64,0.58,3.18,1.73
2010-04-05,5.16,0.0,2.99,1.55
2010-04-06,6.05,0.0,3.12,1.39
2010-04-07,8.4,0.0,3.46,1.27
2010-04-08,9.43,0.0,3.61,1.16
2010-04-09,7.67,0.0,3.38,1.11
2010-04-10,4.42,3.05,2.95,1.05
2010-04-11,2.9,3.01,2.75,1.05
2010-04-12,3.67,2.55,2.87,1.05
2010-04-13,7.45,0.0,3.4,1.05
2010-04-14,5.49,2.28,3.14,0.99
2010-04-15,4.95,0.74,3.07,0.99
2010-04-16,5.6,0.0,3.17,0.93
2010-04-17,6.22,0.0,3.27,0.89
2010-04-18,9.93,0.0,3.8,0.87
2010-04-19,9.79,0.0,3.79,0.85
2010-04-20,9.34,0.0,3.73,0.8
2010-04-21,3.36,0.21,2.89,0.78
2010-04-22,3.74,0.0,2.95,0.76
2010-04-23,7.32,0.0,3.47,0.69
2010-04-24,10.78,0.0,3.97,0.63
2010-04-25,13.29,0.18,4.33,0.61
2010-04-26,11.17,0.95,4.04,0.61
2010-04-27,10.09,0.0,3.89,0.6
2010-04-28,11.19,0.0,4.05,0.58
2010-04-29,15.65,0.03,4.7,0.55
2010-04-30,15.73,0.95,4.71,0.55
2010-05-01,10.84,0.75,2.95,0.53
2010-05-02,9.81,3.15,2.84,0.55
2010-05-03,9.53,1.55,2.81,0.56
2010-05-04,6.85,0.22,2.53,0.53
2010-05-05,5.42,4.03,2.38,0.5
2010-05-06,5.4,7.45,2.38,0.55
2010-05-07,4.88,2.05,2.32,0.56
2010-05-08,7.15,0.0,2.56,0.53
2010-05-09,8.21,3.62,2.68,0.52
2010-05-10,8.55,1.8,2.71,0.56
2010-05-11,9.24,14.84,2.78,0.63
2010-05-12,8.75,0.0,2.73,0.89
2010-05-13,6.65,0.13,2.51,0.67
2010-05-14,5.73,4.58,2.41,0.6
2010-05-15,5.1,0.22,2.34,0.6
2010-05-16,7.85,0.0,2.62,0.56
2010-05-17,8.93,1.4,2.74,0.53
2010-05-18,7.5,1.29,2.58,0.5
2010-05-19,6.4,11.56,2.46,0.58
2010-05-20,8.72,0.26,2.7,0.67
2010-05-21,11.84,0.0,3.02,0.58
2010-05-22,13.9,0.55,3.23,0.55
2010-05-23,15.48,0.0,3.39,0.53
2010-05-24,15.98,1.97,3.44,0.53
2010-05-25,14.13,0.27,3.24,0.55
2010-05-26,12.07,8.08,3.01,0.52
2010-05-27,12.36,0.85,3.04,0.6
2010-05-28,12.14,5.79,3.01,0.61
2010-05-29,12.65,4.13,3.05,0.6
2010-05-30,11.77,15.52,2.95,0.63
2010-05-31,8.42,3.26,2.6,0.95
2010-06-01,10.21,1.47,3.86,0.84
2010-06-02,10.76,0.27,3.92,0.8
2010-06-03,14.52,0.0,4.44,0.78
2010-06-04,14.93,0.0,4.48,0.71
2010-06-05,17.64,0.0,4.84,0.65
2010-06-06,19.5,4.7,5.08,0.63
2010-06-07,16.19,0.0,4.6,0.67
2010-06-08,17.36,0.09,4.74,0.55
2010-06-09,20.67,0.5,5.18,0.52
2010-06-10,21.92,0.0,5.33,0.49
2010-06-11,19.23,0.22,4.94,0.46
2010-06-12,15.72,2.34,4.44,0.44
2010-06-13,13.52,0.26,4.12,0.44
2010-06-14,12.31,0.63,3.94,0.43
2010-06-15,13.82,0.0,4.12,0.41
2010-06-16,13.69,0.0,4.08,0.4
2010-06-17,15.66,0.0,4.32,0.39
2010-06-18,15.27,0.34,4.24,0.37
2010-06-19,9.99,0.05,3.53,0.37
2010-06-20,9.99,0.69,3.51,0.36
2010-06-21,9.61,1.06,3.44,0.36
2010-06-22,12.19,0.0,3.75,0.36
2010-06-23,14.57,0.0,4.03,0.33
2010-06-24,17.38,0.0,4.36,0.33
2010-06-25,17.44,3.93,4.34,0.33
2010-06-26,17.6,0.0,4.34,0.36
2010-06-27,18.86,0.0,4.46,0.32
2010-06-28,20.55,0.0,4.64,0.3
2010-06-29,21.23,0.35,4.7,0.29
2010-06-30,20.97,0.0,4.63,0.28
2010-07-01,21.5,0.0,4.88,0.27
2010-07-02,23.38,0.0,5.09,0.26
2010-07-03,24.63,0.7,5.2,0.24
2010-07-04,20.56,11.48,4.66,0.26
2010-07-05,19.54,5.59,4.5,0.4
2010-07-06,14.95,0.0,3.9,0.37
2010-07-07,16.06,0.0,4.01,0.29
2010-07-08,20.63,0.0,4.52,0.27
2010-07-09,23.66,0.0,4.85,0.26
2010-07-10,25.85,0.0,5.06,0.24
2010-07-11,25.41,2.88,4.97,0.23
2010-07-12,24.05,15.7,4.77,0.27
2010-07-13,20.68,0.0,4.34,0.49
2010-07-14,23.34,7.33,4.6,0.28
2010-07-15,19.66,0.0,4.14,0.3
2010-07-16,22.57,0.05,4.43,0.26
2010-07-17,18.11,2.72,3.89,0.24
2010-07-18,16.83,0.0,3.72,0.23
2010-07-19,17.9,0.0,3.8,0.22
2010-07-20,19.9,0.0,3.98,0.21
2010-07-21,23.32,3.12,4.3,0.2
2010-07-22,20.35,3.4,3.94,0.22
2010-07-23,16.83,27.54,3.53,0.28
2010-07-24,14.59,0.0,3.27,0.63
2010-07-25,13.52,0.0,3.12,0.34
2010-07-26,14.53,7.75,3.19,0.28
2010-07-27,15.32,0.06,3.23,0.36
2010-07-28,14.31,11.48,3.1,0.34
2010-07-29,14.14,3.4,3.05,0.46
2010-07-30,14.11,0.01,3.01,0.39
2010-07-31,16.34,0.0,3.19,0.32
2010-08-01,19.07,13.71,2.58,0.27
2010-08-02,17.72,2.7,2.46,0.41
2010-08-03,14.64,1.34,2.21,0.33
2010-08-04,14.93,0.04,2.2,0.29
2010-08-05,14.51,10.61,2.15,0.28
2010-08-06,13.05,4.68,2.02,0.39
2010-08-07,16.11,0.29,2.2,0.37
2010-08-08,15.04,3.0,2.1,0.33
2010-08-09,15.49,0.17,2.11,0.34
2010-08-10,17.2,0.1,2.19,0.29
2010-08-11,16.52,5.75,2.12,0.29
2010-08-12,15.75,13.47,2.04,0.36
2010-08-13,15.42,1.4,1.99,0.5
2010-08-14,15.93,0.03,2.0,0.4
2010-08-15,15.1,6.71,1.92,0.39
2010-08-16,12.78,9.05,1.76,0.4
2010-08-17,12.39,15.58,1.71,0.63
2010-08-18,13.92,1.6,1.77,0.97
2010-08-19,14.54,0.0,1.78,0.8
2010-08-20,15.87,0.0,1.83,0.61
2010-08-21,19.29,0.0,1.99,0.5
2010-08-22,20.14,10.99,2.01,0.49
2010-08-23,17.49,15.7,1.84,0.69
2010-08-24,16.24,0.76,1.74,0.91
2010-08-25,13.73,0.51,1.59,0.73
2010-08-26,17.06,17.85,1.73,0.6
2010-08-27,16.61,15.44,1.68,1.16
2010-08-28,11.33,1.37,1.4,1.44
2010-08-29,10.25,15.3,1.32,1.1
2010-08-30,7.9,7.36,1.19,1.59
2010-08-31,10.55,0.2,1.3,1.68
2010-09-01,10.62,0.04,1.28,1.44
2010-09-02,11.26,0.0,1.29,1.22
2010-09-03,11.91,0.01,1.3,1.07
2010-09-04,11.06,1.22,1.24,0.97
2010-09-05,9.98,0.0,1.17,0.87
2010-09-06,10.25,0.0,1.17,0.74
2010-09-07,11.05,0.58,1.18,0.67
2010-09-08,12.81,4.47,1.23,0.65
2010-09-09,12.04,3.48,1.18,0.69
2010-09-10,12.98,0.08,1.2,0.63
2010-09-11,13.2,0.0,1.19,0.56
2010-09-12,14.44,0.51,1.22,0.53
2010-09-13,11.99,1.24,1.1,0.5
2010-09-14,11.35,4.92,1.06,0.56
2010-09-15,12.41,2.3,1.08,0.63
2010-09-16,10.97,3.46,1.01,0.6
2010-09-17,9.75,0.89,0.95,0.61
2010-09-18,7.27,0.0,0.85,0.56
2010-09-19,7.59,0.0,0.84,0.53
2010-09-20,9.85,0.0,0.91,0.5
2010-09-21,11.89,0.0,0.96,0.49
2010-09-22,13.22,0.0,0.99,0.47
2010-09-23,13.96,0.0,0.99,0.46
2010-09-24,14.62,0.45,1.0,0.44
2010-09-25,9.32,13.06,0.82,0.5
2010-09-26,7.52,0.02,0.75,0.56
2010-09-27,7.36,18.36,0.73,0.52
2010-09-28,8.82,1.66,0.76,0.93
2010-09-29,7.66,0.0,0.72,0.84
2010-09-30,7.6,0.18,0.7,0.76
2010-10-01,8.76,1.46,0.71,0.73
2010-10-02,10.21,1.45,0.74,0.71
2010-10-03,13.2,0.0,0.81,0.69
2010-10-04,11.01,0.03,0.74,0.69
2010-10-05,11.12,0.05,0.73,0.73
2010-10-06,12.43,0.02,0.75,0.69
2010-10-07,12.34,0.0,0.74,0.63
2010-10-08,11.51,0.0,0.71,0.65
2010-10-09,9.37,0.0,0.65,0.61
2010-10-10,8.04,0.0,0.6,0.61
2010-10-11,7.23,0.0,0.58,0.6
2010-10-12,4.62,0.0,0.51,0.58
2010-10-13,3.81,0.05,0.48,0.58
2010-10-14,4.85,0.53,0.5,0.56
2010-10-15,7.39,5.58,0.55,0.56
2010-10-16,5.63,8.89,0.5,0.69
2010-10-17,4.17,0.1,0.47,0.69
2010-10-18,2.51,0.01,0.42,0.6
2010-10-19,3.44,5.28,0.44,0.58
2010-10-20,3.63,4.58,0.44,0.63
2010-10-21,2.41,0.01,0.41,0.6
2010-10-22,1.34,0.0,0.38,0.53
2010-10-23,2.84,1.84,0.41,0.52
2010-10-24,4.71,0.79,0.45,0.53
2010-10-25,1.99,0.01,0.39,0.52
2010-10-26,2.13,0.1,0.39,0.49
2010-10-27,4.53,0.0,0.43,0.46
2010-10-28,6.13,0.0,0.46,0.43
2010-10-29,6.4,0.0,0.46,0.41
2010-10-30,7.84,0.0,0.49,0.41
2010-10-31,7.85,0.0,0.49,0.41
2010-11-01,8.04,0.0,0.29,0.43
2010-11-02,6.0,0.07,0.26,0.43
2010-11-03,8.82,0.97,0.29,0.43
2010-11-04,12.76,0.84,0.34,0.41
2010-11-05,11.34,0.58,0.32,0.41
2010-11-06,8.35,12.94,0.29,0.47
2010-11-07,4.11,3.94,0.24,0.58
2010-11-08,2.33,0.23,0.22,0.61
2010-11-09,3.16,0.14,0.23,0.55
2010-11-10,4.54,5.32,0.24,0.52
2010-11-11,3.21,12.4,0.23,0.61
2010-11-12,7.77,12.9,0.28,0.96
2010-11-13,11.87,2.68,0.33,1.44
2010-11-14,11.85,0.38,0.33,1.54
2010-11-15,7.39,19.92,0.28,1.52
2010-11-16,2.6,4.39,0.23,2.46
2010-11-17,2.07,0.32,0.22,2.13
2010-11-18,2.7,2.42,0.23,1.9
2010-11-19,3.64,0.52,0.24,1.67
2010-11-20,3.29,0.0,0.24,1.48
2010-11-21,0.53,0.32,0.21,1.33
2010-11-22,0.77,9.35,0.21,1.27
2010-11-23,0.65,7.88,0.21,1.27
2010-11-24,0.16,4.64,0.21,1.31
2010-11-25,-0.73,4.58,0.2,1.3
2010-11-26,-2.19,0.7,0.18,1.19
2010-11-27,-5.19,0.22,0.15,1.08
2010-11-28,-4.08,1.66,0.16,1.01
2010-11-29,-4.12,3.51,0.17,0.96
2010-11-30,-5.56,0.05,0.15,0.87
2010-12-01,-10.37,3.88,0.11,0.8
2010-12-02,-11.18,0.02,0.1,0.73
2010-12-03,-9.47,0.02,0.13,0.72
2010-12-04,-7.8,0.87,0.16,0.69
2010-12-05,-4.35,2.72,0.22,0.67
2010-12-06,-1.56,0.89,0.27,0.67
2010-12-07,-1.23,3.52,0.28,0.66
2010-12-08,-0.97,16.94,0.29,0.72
2010-12-09,-2.73,4.46,0.26,0.97
2010-12-10,-2.35,10.92,0.27,0.85
2010-12-11,1.32,10.84,0.34,0.93
2010-12-12,-0.25,2.68,0.32,1.63
2010-12-13,-7.33,1.32,0.19,1.46
2010-12-14,-7.23,1.26,0.19,1.19
2010-12-15,-7.13,1.38,0.2,1.07
2010-12-16,-8.07,11.73,0.18,1.01
2010-12-17,-5.84,0.99,0.23,1.01
2010-12-18,-7.68,3.49,0.2,0.96
2010-12-19,-4.15,12.71,0.27,0.92
2010-12-20,-2.54,2.42,0.31,0.92
2010-12-21,-1.78,5.01,0.34,0.85
2010-12-22,0.91,1.01,0.4,0.87
2010-12-23,1.17,0.09,0.41,0.97
2010-12-24,-2.74,10.37,0.33,1.07
2010-12-25,-8.26,1.48,0.21,1.08
2010-12-26,-11.1,3.76,0.14,1.04
2010-12-27,-6.07,0.53,0.27,1.03
2010-12-28,-6.18,0.0,0.27,0.99
2010-12-29,-10.29,0.0,0.17,0.93
2010-12-30,-8.12,0.01,0.23,0.9
2010-12-31,-5.07,0.33,0.31,0.87
2011-01-01,-2.02,2.17,0.37,0.87
2011-01-02,-1.93,1.91,0.38,0.84
2011-01-03,-3.08,1.59,0.36,0.82
2011-01-04,-5.54,0.08,0.3,0.8
2011-01-05,-7.76,2.24,0.24,0.77
2011-01-06,-0.46,13.4,0.45,0.8
2011-01-07,4.71,8.42,0.6,2.21
2011-01-08,5.44,1.35,0.63,5.13
2011-01-09,4.07,1.9,0.6,6.56
2011-01-10,-2.16,0.11,0.43,6.31
2011-01-11,-0.35,1.56,0.49,5.03
2011-01-12,2.06,20.69,0.57,4.58
2011-01-13,5.7,20.07,0.69,7.4
2011-01-14,8.33,3.47,0.78,12.15
2011-01-15,5.94,0.11,0.72,12.0
2011-01-16,3.58,0.0,0.66,9.93
2011-01-17,1.59,0.02,0.6,7.63
2011-01-18,3.73,3.5,0.68,6.41
2011-01-19,0.49,8.94,0.59,5.85
2011-01-20,-1.74,0.92,0.52,5.45
2011-01-21,-3.29,0.04,0.47,4.71
2011-01-22,-4.5,0.05,0.44,4.12
2011-01-23,-2.78,1.08,0.51,3.65
2011-01-24,-0.07,0.8,0.61,3.36
2011-01-25,-0.19,8.31,0.62,3.12
2011-01-26,-1.02,0.48,0.6,2.55
2011-01-27,-3.44,0.1,0.52,2.24
2011-01-28,-4.1,0.0,0.5,1.93
2011-01-29,-6.9,0.0,0.4,1.7
2011-01-30,-8.17,0.0,0.35,1.59
2011-01-31,-8.53,0.0,0.34,1.46
2011-02-01,-7.75,0.74,0.46,1.38
2011-02-02,-4.57,0.73,0.62,1.31
2011-02-03,-1.81,2.45,0.77,1.27
2011-02-04,1.79,1.18,0.97,1.24
2011-02-05,5.91,0.07,1.19,1.52
2011-02-06,5.68,0.0,1.2,1.76
2011-02-07,2.67,0.06,1.05,1.7
2011-02-08,3.34,0.54,1.1,1.63
2011-02-09,-0.23,0.0,0.92,1.56
2011-02-10,-0.55,5.25,0.92,1.5
2011-02-11,5.66,4.7,1.28,1.65
2011-02-12,-0.45,5.89,0.94,1.81
2011-02-13,0.44,1.27,1.01,1.86
2011-02-14,1.34,0.0,1.07,1.88
2011-02-15,-0.15,0.11,1.0,1.81
2011-02-16,0.89,0.0,1.07,1.72
2011-02-17,-1.47,0.02,0.94,1.61
2011-02-18,-1.56,0.0,0.95,1.48
2011-02-19,-2.39,0.0,0.91,1.39
2011-02-20,-5.76,0.03,0.7,1.31
2011-02-21,-8.29,0.0,0.55,1.22
2011-02-22,-9.15,0.0,0.5,1.19
2011-02-23,-7.92,0.0,0.59,1.14
2011-02-24,-2.18,0.0,0.97,1.12
2011-02-25,0.77,0.0,1.18,1.08
2011-02-26,-0.9,2.81,1.08,0.99
2011-02-27,-0.1,0.27,1.14,0.99
2011-02-28,1.84,0.0,1.28,0.96
2011-03-01,1.41,0.0,1.87,0.92
2011-03-02,0.0,0.0,1.74,0.88
2011-03-03,-1.22,0.0,1.63,0.84
2011-03-04,0.13,0.0,1.79,0.82
2011-03-05,0.44,0.0,1.84,0.8
2011-03-06,-1.28,0.0,1.67,0.79
2011-03-07,-1.93,0.0,1.62,0.75
2011-03-08,-0.27,0.0,1.81,0.72
2011-03-09,4.29,0.51,2.32,0.7
2011-03-10,5.39,0.02,2.46,0.72
2011-03-11,5.68,0.09,2.52,0.72
2011-03-12,5.04,0.0,2.47,0.72
2011-03-13,7.9,1.38,2.81,0.72
2011-03-14,7.59,0.36,2.79,0.75
2011-03-15,9.09,0.02,2.99,0.8
2011-03-16,4.92,0.69,2.53,0.9
2011-03-17,4.47,7.84,2.49,1.03
2011-03-18,3.17,0.16,2.36,1.22
2011-03-19,1.66,0.0,2.2,1.12
2011-03-20,1.26,0.0,2.16,1.04
2011-03-21,3.23,0.0,2.41,0.97
2011-03-22,5.75,0.0,2.73,0.9
2011-03-23,6.62,0.0,2.85,0.85
2011-03-24,7.07,0.0,2.93,0.84
2011-03-25,7.94,0.0,3.05,0.8
2011-03-26,3.77,0.13,2.55,0.8
2011-03-27,4.41,0.02,2.65,0.79
2011-03-28,4.55,0.04,2.68,0.77
2011-03-29,5.74,0.0,2.84,0.75
2011-03-30,8.51,0.44,3.21,0.73
2011-03-31,8.78,4.87,3.26,0.72
2011-04-01,11.37,0.2,4.06,0.73
2011-04-02,12.58,0.0,4.26,0.72
2011-04-03,14.46,4.28,4.55,0.7
2011-04-04,8.37,2.87,3.68,0.77
2011-04-05,8.64,0.21,3.74,0.7
2011-04-06,11.3,0.0,4.15,0.67
2011-04-07,13.53,0.0,4.49,0.64
2011-04-08,10.53,0.0,4.07,0.61
2011-04-09,9.18,0.0,3.88,0.59
2011-04-10,9.33,0.0,3.92,0.57
2011-04-11,11.66,0.74,4.28,0.55
2011-04-12,6.8,2.02,3.57,0.57
2011-04-13,4.76,0.42,3.27,0.55
2011-04-14,4.65,0.0,3.26,0.54
2011-04-15,4.49,0.03,3.25,0.51
2011-04-16,7.24,0.0,3.68,0.51
2011-04-17,8.22,0.0,3.83,0.49
2011-04-18,9.42,0.0,4.03,0.48
2011-04-19,11.43,0.0,4.34,0.47
2011-04-20,12.92,0.0,4.58,0.45
2011-04-21,14.34,0.0,4.81,0.45
2011-04-22,15.79,0.0,5.04,0.44
2011-04-23,16.16,0.0,5.11,0.44
2011-04-24,13.9,0.0,4.77,0.43
2011-04-25,11.01,0.0,4.33,0.43
2011-04-26,8.77,3.15,3.99,0.43
2011-04-27,9.3,4.1,4.08,0.45
2011-04-28,11.71,1.42,4.46,0.47
2011-04-29,12.62,3.11,4.6,0.47
2011-04-30,12.47,0.01,4.58,0.45
2011-05-01,9.3,0.0,4.47,0.41
2011-05-02,6.21,0.23,3.94,0.4
2011-05-03,3.88,0.27,3.55,0.4
2011-05-04,4.38,0.29,3.64,0.4
2011-05-05,7.07,0.0,4.1,0.4
2011-05-06,11.08,0.0,4.78,0.39
2011-05-07,14.75,0.0,5.4,0.37
2011-05-08,15.69,0.0,5.56,0.37
2011-05-09,15.43,0.0,5.52,0.37
2011-05-10,16.05,0.0,5.62,0.37
2011-05-11,16.41,0.11,5.68,0.36
2011-05-12,14.0,1.21,5.27,0.37
2011-05-13,11.26,0.0,4.8,0.37
2011-05-14,12.01,0.21,4.92,0.36
2011-05-15,8.32,0.07,4.29,0.35
2011-05-16,9.23,1.19,4.44,0.35
2011-05-17,12.38,0.17,4.97,0.36
2011-05-18,15.1,0.02,5.42,0.34
2011-05-19,16.11,1.99,5.58,0.32
2011-05-20,16.23,2.37,5.59,0.35
2011-05-21,16.68,1.74,5.66,0.34
2011-05-22,16.85,2.03,5.67,0.32
2011-05-23,13.78,0.0,5.15,0.32
2011-05-24,14.61,0.0,5.28,0.3
2011-05-25,12.21,0.0,4.86,0.29
2011-05-26,15.58,1.77,5.41,0.29
2011-05-27,11.8,0.15,4.77,0.3
2011-05-28,11.46,0.0,4.7,0.26
2011-05-29,15.72,0.0,5.39,0.26
2011-05-30,19.54,0.0,6.0,0.25
2011-05-31,17.42,1.4,5.64,0.25
2011-06-01,10.08,0.7,3.52,0.26
2011-06-02,14.74,0.0,4.12,0.26
2011-06-03,17.7,0.0,4.48,0.25
2011-06-04,20.8,0.27,4.87,0.24
2011-06-05,19.97,3.84,4.74,0.24
2011-06-06,16.83,10.27,4.32,0.45
2011-06-07,18.53,14.36,4.52,0.41
2011-06-08,14.5,4.42,3.99,0.47
2011-06-09,13.01,0.0,3.79,0.41
2011-06-10,13.07,0.82,3.78,0.32
2011-06-11,13.13,0.5,3.77,0.32
2011-06-12,14.08,0.0,3.87,0.3
2011-06-13,14.32,0.19,3.88,0.29
2011-06-14,16.18,8.26,4.09,0.29
2011-06-15,17.71,0.28,4.26,0.36
2011-06-16,17.69,5.45,4.23,0.3
2011-06-17,15.18,9.78,3.91,0.31
2011-06-18,13.28,2.12,3.66,0.39
2011-06-19,11.21,4.09,3.39,0.34
2011-06-20,12.28,12.41,3.5,0.34
2011-06-21,16.45,7.02,3.97,0.51
2011-06-22,16.72,16.23,3.98,0.57
2011-06-23,14.07,2.82,3.64,0.61
2011-06-24,11.71,4.08,3.35,0.44
2011-06-25,11.13,2.07,3.26,0.4
2011-06-26,15.88,1.28,3.78,0.4
2011-06-27,19.64,0.0,4.19,0.36
2011-06-28,21.82,0.0,4.41,0.34
2011-06-29,20.46,18.56,4.22,0.32
2011-06-30,12.36,3.82,3.29,0.57
2011-07-01,10.34,3.79,2.8,0.45
2011-07-02,10.58,6.9,2.81,0.41
2011-07-03,10.28,1.22,2.76,0.47
2011-07-04,14.15,0.01,3.12,0.43
2011-07-05,16.65,0.0,3.35,0.39
2011-07-06,19.48,0.63,3.6,0.36
2011-07-07,18.14,14.48,3.44,0.36
2011-07-08,16.37,0.23,3.24,0.57
2011-07-09,19.23,0.38,3.49,0.4
2011-07-10,17.57,9.91,3.3,0.37
2011-07-11,17.47,0.0,3.27,0.43
2011-07-12,19.0,2.44,3.38,0.37
2011-07-13,18.09,17.89,3.27,0.37
2011-07-14,13.2,0.11,2.79,0.69
2011-07-15,13.42,0.0,2.78,0.52
2011-07-16,16.22,0.54,3.01,0.44
2011-07-17,14.61,6.38,2.84,0.43
2011-07-18,12.65,2.76,2.63,0.47
2011-07-19,15.23,4.67,2.84,0.41
2011-07-20,15.84,0.82,2.86,0.45
2011-07-21,15.08,4.82,2.77,0.44
2011-07-22,12.74,0.0,2.54,0.45
2011-07-23,11.15,0.27,2.38,0.4
2011-07-24,10.77,2.02,2.32,0.39
2011-07-25,11.65,0.0,2.37,0.39
2011-07-26,14.73,0.12,2.6,0.36
2011-07-27,16.79,4.05,2.73,0.36
2011-07-28,17.35,0.01,2.75,0.35
2011-07-29,15.44,0.01,2.57,0.32
2011-07-30,11.86,3.86,2.26,0.34
2011-07-31,12.44,0.0,2.28,0.34
2011-08-01,15.28,0.0,2.76,0.34
2011-08-02,18.21,0.0,2.97,0.3
2011-08-03,19.39,9.33,3.04,0.29
2011-08-04,18.96,4.54,2.96,0.37
2011-08-05,18.42,0.97,2.88,0.37
2011-08-06,19.43,9.62,2.93,0.34
2011-08-07,15.67,4.11,2.59,0.44
2011-08-08,12.77,7.65,2.33,0.43
2011-08-09,11.67,6.99,2.22,0.47
2011-08-10,11.92,0.01,2.21,0.49
2011-08-11,15.79,0.0,2.47,0.41
2011-08-12,15.39,7.73,2.41,0.37
2011-08-13,16.62,3.76,2.47,0.47
2011-08-14,17.9,7.55,2.52,0.47
2011-08-15,15.75,0.0,2.34,0.54
2011-08-16,15.87,0.02,2.31,0.47
2011-08-17,18.47,0.0,2.46,0.43
2011-08-18,21.28,2.49,2.62,0.4
2011-08-19,17.57,8.47,2.33,0.51
2011-08-20,15.86,0.0,2.18,0.51
2011-08-21,18.55,0.3,2.33,0.43
2011-08-22,21.03,0.07,2.45,0.41
2011-08-23,23.08,4.39,2.55,0.4
2011-08-24,21.25,5.7,2.39,0.43
2011-08-25,19.54,0.4,2.25,0.49
2011-08-26,23.64,4.85,2.47,0.41
2011-08-27,12.84,5.23,1.78,0.49
2011-08-28,13.04,0.0,1.77,0.45
2011-08-29,12.95,0.0,1.74,0.41
2011-08-30,10.59,0.0,1.57,0.39
2011-08-31,11.94,0.0,1.62,0.36
2011-09-01,13.89,0.0,1.69,0.35
2011-09-02,14.69,0.05,1.71,0.32
2011-09-03,18.53,0.01,1.88,0.32
2011-09-04,20.21,11.32,1.94,0.32
2011-09-05,15.69,1.16,1.68,0.43
2011-09-06,14.25,4.43,1.58,0.36
2011-09-07,13.36,5.96,1.51,0.37
2011-09-08,11.53,5.09,1.39,0.41
2011-09-09,14.75,0.87,1.52,0.43
2011-09-10,19.01,0.43,1.7,0.39
2011-09-11,18.7,17.52,1.66,0.39
2011-09-12,15.68,0.0,1.49,0.73
2011-09-13,16.3,0.96,1.49,0.55
2011-09-14,12.29,0.0,1.29,0.49
2011-09-15,11.02,0.0,1.21,0.44
2011-09-16,12.63,0.0,1.26,0.41
2011-09-17,15.62,10.79,1.37,0.4
2011-09-18,11.2,6.2,1.16,0.57
2011-09-19,9.82,0.0,1.09,0.52
2011-09-20,9.83,0.0,1.07,0.47
2011-09-21,11.33,0.01,1.11,0.44
2011-09-22,11.69,0.01,1.1,0.43
2011-09-23,10.07,0.0,1.02,0.41
2011-09-24,11.32,0.0,1.05,0.4
2011-09-25,13.24,0.0,1.11,0.39
2011-09-26,15.14,0.0,1.16,0.39
2011-09-27,15.96,0.04,1.17,0.37
2011-09-28,14.91,0.0,1.11,0.36
2011-09-29,14.28,0.0,1.07,0.36
2011-09-30,15.61,0.0,1.1,0.35
2011-10-01,16.06,0.0,0.99,0.37
2011-10-02,15.71,0.0,0.96,0.37
2011-10-03,15.22,0.0,0.93,0.36
2011-10-04,15.32,0.02,0.92,0.37
2011-10-05,14.26,0.84,0.88,0.39
2011-10-06,12.48,7.24,0.82,0.4
2011-10-07,6.68,9.64,0.65,0.48
2011-10-08,5.14,4.19,0.6,0.58
2011-10-09,5.06,9.51,0.58,0.52
2011-10-10,10.53,1.86,0.72,0.63
2011-10-11,12.88,7.54,0.77,0.57
2011-10-12,8.17,15.94,0.64,0.8
2011-10-13,5.78,0.0,0.57,1.14
2011-10-14,3.07,0.0,0.5,0.92
2011-10-15,3.77,0.0,0.51,0.82
2011-10-16,5.77,0.0,0.55,0.75
2011-10-17,4.91,0.0,0.52,0.7
2011-10-18,8.68,5.85,0.61,0.69
2011-10-19,4.81,4.03,0.51,0.73
2011-10-20,3.37,0.6,0.47,0.72
2011-10-21,1.01,0.0,0.41,0.66
2011-10-22,1.99,0.0,0.43,0.64
2011-10-23,2.74,0.0,0.44,0.61
2011-10-24,6.5,0.0,0.52,0.59
2011-10-25,7.21,0.14,0.53,0.58
2011-10-26,6.95,0.01,0.52,0.57
2011-10-27,6.86,0.0,0.52,0.55
2011-10-28,8.87,0.0,0.56,0.52
2011-10-29,9.08,0.4,0.56,0.51
2011-10-30,8.41,0.42,0.54,0.49
2011-10-31,8.63,0.04,0.54,0.48
2011-11-01,5.83,0.17,0.42,0.44
2011-11-02,5.95,0.0,0.42,0.43
2011-11-03,6.38,0.0,0.43,0.43
2011-11-04,6.43,0.0,0.43,0.43
2011-11-05,8.45,0.0,0.47,0.41
2011-11-06,8.15,0.0,0.46,0.41
2011-11-07,6.3,0.0,0.43,0.39
2011-11-08,5.74,0.0,0.42,0.37
2011-11-09,4.69,0.03,0.4,0.37
2011-11-10,4.2,0.0,0.39,0.36
2011-11-11,2.31,0.0,0.35,0.36
2011-11-12,-0.72,0.0,0.3,0.34
2011-11-13,1.41,0.0,0.34,0.32
2011-11-14,1.51,0.0,0.34,0.32
2011-11-15,0.3,0.0,0.32,0.32
2011-11-16,-1.27,0.0,0.29,0.31
2011-11-17,-0.52,0.02,0.31,0.29
2011-11-18,3.18,0.0,0.38,0.29
2011-11-19,4.14,0.0,0.4,0.28
2011-11-20,2.28,0.33,0.37,0.28
2011-11-21,3.12,0.0,0.39,0.28
2011-11-22,3.06,0.0,0.39,0.28
2011-11-23,1.84,0.0,0.37,0.26
2011-11-24,-0.11,0.0,0.33,0.26
2011-11-25,-1.39,0.38,0.31,0.26
2011-11-26,2.51,0.0,0.39,0.26
2011-11-27,4.15,0.34,0.43,0.26
2011-11-28,2.28,0.0,0.4,0.26
2011-11-29,-0.02,0.59,0.35,0.26
2011-11-30,3.11,0.11,0.42,0.25
2011-12-01,4.51,0.56,0.26,0.28
2011-12-02,5.73,2.09,0.28,0.26
2011-12-03,2.86,6.53,0.25,0.29
2011-12-04,5.82,28.79,0.29,0.41
2011-12-05,1.63,3.69,0.24,1.16
2011-12-06,1.03,3.17,0.24,0.87
2011-12-07,1.97,5.35,0.25,0.77
2011-12-08,2.87,3.8,0.27,0.85
2011-12-09,3.42,6.9,0.28,0.88
2011-12-10,0.65,0.16,0.25,1.03
2011-12-11,-1.99,1.1,0.21,0.9
2011-12-12,2.14,4.08,0.28,0.9
2011-12-13,2.97,4.64,0.29,0.97
2011-12-14,4.21,7.6,0.32,1.08
2011-12-15,2.25,8.57,0.29,1.25
2011-12-16,2.39,22.08,0.3,2.03
2011-12-17,1.01,3.03,0.28,3.26
2011-12-18,-0.32,1.62,0.27,2.32
2011-12-19,-1.6,0.32,0.25,1.88
2011-12-20,-1.87,7.87,0.25,1.59
2011-12-21,0.9,2.54,0.3,1.44
2011-12-22,1.17,6.92,0.31,1.39
2011-12-23,3.83,4.3,0.36,1.54
2011-12-24,2.34,5.87,0.34,2.13
2011-12-25,1.65,2.8,0.33,2.55
2011-12-26,4.49,0.85,0.39,2.43
2011-12-27,4.72,0.54,0.4,2.52
2011-12-28,2.76,0.27,0.37,2.58
2011-12-29,2.13,8.41,0.37,2.43
2011-12-30,0.65,4.07,0.35,2.43
2011-12-31,0.41,4.97,0.35,2.19
2012-01-01,6.25,3.5,0.54,2.19
2012-01-02,6.9,8.34,0.56,3.29
2012-01-03,3.8,3.69,0.5,4.62
2012-01-04,3.33,9.61,0.49,3.96
2012-01-05,2.06,23.25,0.47,4.41
2012-01-06,1.19,2.83,0.46,5.31
2012-01-07,1.53,10.48,0.47,4.24
2012-01-08,2.0,4.45,0.49,4.12
2012-01-09,2.13,7.07,0.51,3.92
2012-01-10,3.35,0.03,0.55,3.92
2012-01-11,3.95,0.51,0.57,3.58
2012-01-12,4.01,5.05,0.59,3.44
2012-01-13,1.14,2.86,0.51,3.76
2012-01-14,-0.09,0.09,0.49,3.58
2012-01-15,-3.18,0.0,0.41,3.02
2012-01-16,-4.3,0.0,0.38,2.58
2012-01-17,-3.72,0.0,0.4,2.27
2012-01-18,-2.74,8.02,0.44,1.96
2012-01-19,2.39,23.62,0.61,2.49
2012-01-20,0.49,0.98,0.56,3.96
2012-01-21,0.89,17.03,0.58,2.99
2012-01-22,2.58,5.59,0.64,4.24
2012-01-23,1.58,3.22,0.62,4.45
2012-01-24,0.13,1.23,0.58,3.54
2012-01-25,-2.28,0.02,0.51,2.96
2012-01-26,-3.09,0.03,0.49,2.58
2012-01-27,-2.84,0.83,0.5,2.27
2012-01-28,-2.23,0.58,0.53,2.03
2012-01-29,-4.29,0.0,0.46,1.86
2012-01-30,-5.31,0.0,0.43,1.7
2012-01-31,-8.25,0.0,0.33,1.54
2012-02-01,-11.77,0.0,0.26,1.38
2012-02-02,-13.93,0.0,0.15,1.22
2012-02-03,-12.87,0.0,0.21,1.16
2012-02-04,-13.84,0.01,0.16,1.07
2012-02-05,-14.38,0.0,0.14,1.03
2012-02-06,-15.71,0.0,0.07,1.01
2012-02-07,-14.79,0.19,0.12,0.96
2012-02-08,-10.88,0.0,0.33,0.9
2012-02-09,-9.59,2.36,0.41,0.85
2012-02-10,-11.88,0.0,0.28,0.84
2012-02-11,-13.98,0.0,0.17,0.82
2012-02-12,-11.56,0.06,0.31,0.8
2012-02-13,-6.38,1.69,0.61,0.79
2012-02-14,-3.21,7.27,0.8,0.75
2012-02-15,0.18,0.67,1.01,0.77
2012-02-16,-0.07,3.67,1.01,0.73
2012-02-17,2.1,1.21,1.15,0.79
2012-02-18,2.45,7.87,1.19,0.82
2012-02-19,1.33,1.38,1.13,1.76
2012-02-20,-1.75,0.02,0.95,1.18
2012-02-21,-1.24,0.08,1.0,0.84
2012-02-22,2.34,0.58,1.24,0.79
2012-02-23,2.8,0.79,1.28,0.84
2012-02-24,5.67,0.54,1.48,0.85
2012-02-25,4.36,0.07,1.41,1.12
2012-02-26,1.65,0.83,1.24,1.08
2012-02-27,0.97,0.82,1.21,0.99
2012-02-28,3.96,2.29,1.43,0.96
2012-02-29,7.04,0.65,1.65,1.12
2012-03-01,6.91,0.14,2.28,1.3
2012-03-02,4.93,0.0,2.12,1.5
2012-03-03,3.46,0.45,1.99,1.63
2012-03-04,4.98,0.0,2.16,1.67
2012-03-05,1.61,1.51,1.84,1.7
2012-03-06,1.54,0.0,1.85,1.61
2012-03-07,1.86,6.6,1.9,1.48
2012-03-08,1.58,1.69,1.89,1.52
2012-03-09,1.47,0.0,1.89,1.36
2012-03-10,3.96,0.77,2.17,1.22
2012-03-11,5.23,0.81,2.32,1.19
2012-03-12,5.83,0.03,2.4,1.19
2012-03-13,4.71,0.02,2.3,1.19
2012-03-14,3.56,0.0,2.19,1.19
2012-03-15,5.54,0.0,2.42,1.18
2012-03-16,9.0,0.0,2.81,1.18
2012-03-17,10.42,0.0,2.99,1.18
2012-03-18,6.65,2.33,2.59,1.24
2012-03-19,3.78,0.0,2.29,1.25
2012-03-20,4.32,0.0,2.37,1.18
2012-03-21,7.36,0.0,2.72,1.12
2012-03-22,8.44,0.0,2.86,1.04
2012-03-23,8.75,0.0,2.92,0.99
2012-03-24,9.21,0.0,2.99,0.97
2012-03-25,9.62,0.0,3.05,0.93
2012-03-26,7.81,0.0,2.86,0.9
2012-03-27,8.57,0.0,2.96,0.85
2012-03-28,10.01,0.0,3.15,0.82
2012-03-29,7.33,3.21,2.85,0.79
2012-03-30,6.18,1.84,2.73,0.84
2012-03-31,4.26,0.75,2.51,0.79
2012-04-01,2.3,0.0,2.29,0.75
2012-04-02,4.73,0.0,2.59,0.73
2012-04-03,9.11,6.26,3.12,0.72
2012-04-04,8.29,0.06,3.04,0.77
2012-04-05,3.75,0.0,2.5,0.69
2012-04-06,1.38,0.92,2.22,0.67
2012-04-07,1.04,0.87,2.19,0.66
2012-04-08,-0.59,0.0,2.0,0.64
2012-04-09,1.68,3.08,2.29,0.61
2012-04-10,9.87,0.34,3.3,0.64
2012-04-11,6.97,3.79,2.96,0.66
2012-04-12,5.65,2.96,2.8,0.64
2012-04-13,5.07,0.0,2.74,0.63
2012-04-14,5.83,0.0,2.84,0.58
2012-04-15,6.34,0.0,2.91,0.57
2012-04-16,3.62,0.06,2.58,0.54
2012-04-17,3.15,0.01,2.53,0.54
2012-04-18,5.12,0.01,2.78,0.52
2012-04-19,7.93,0.6,3.14,0.52
2012-04-20,7.0,0.33,3.03,0.51
2012-04-21,5.61,7.11,2.86,0.51
2012-04-22,6.21,0.54,2.94,0.58
2012-04-23,5.46,3.18,2.85,0.54
2012-04-24,6.75,3.79,3.02,0.54
2012-04-25,8.98,0.0,3.31,0.55
2012-04-26,11.67,0.0,3.66,0.52
2012-04-27,14.2,0.0,3.99,0.49
2012-04-28,20.65,0.0,4.82,0.48
2012-04-29,18.99,0.0,4.61,0.48
2012-04-30,16.91,0.01,4.35,0.47
2012-05-01,17.19,0.09,5.13,0.45
2012-05-02,16.95,7.55,5.09,0.48
2012-05-03,11.5,0.07,4.28,0.55
2012-05-04,12.81,0.01,4.47,0.52
2012-05-05,10.64,13.9,4.15,0.58
2012-05-06,7.64,13.37,3.7,0.8
2012-05-07,9.24,1.42,3.94,0.85
2012-05-08,12.29,0.09,4.4,0.79
2012-05-09,13.99,1.2,4.65,0.7
2012-05-10,17.72,0.0,5.21,0.64
2012-05-11,19.66,7.09,5.49,0.61
2012-05-12,8.34,0.0,3.79,0.66
2012-05-13,5.3,0.0,3.34,0.57
2012-05-14,7.4,0.0,3.65,0.54
2012-05-15,7.36,3.95,3.64,0.52
2012-05-16,5.67,1.02,3.38,0.54
2012-05-17,6.45,0.0,3.49,0.51
2012-05-18,10.92,0.88,4.15,0.49
2012-05-19,15.85,0.08,4.88,0.48
2012-05-20,19.28,0.0,5.38,0.47
2012-05-21,19.3,0.0,5.37,0.45
2012-05-22,19.37,2.25,5.37,0.44
2012-05-23,20.76,0.0,5.56,0.44
2012-05-24,18.13,0.0,5.16,0.41
2012-05-25,14.92,0.0,4.68,0.4
2012-05-26,15.23,0.34,4.71,0.39
2012-05-27,15.17,0.0,4.69,0.37
2012-05-28,16.75,0.0,4.91,0.37
2012-05-29,16.66,0.0,4.88,0.36
2012-05-30,15.0,0.11,4.62,0.35
2012-05-31,14.32,14.52,4.51,0.34
2012-06-01,11.06,1.1,3.54,0.49
2012-06-02,10.83,0.66,3.5,0.4
2012-06-03,10.88,16.87,3.49,0.47
2012-06-04,11.65,14.6,3.57,0.59
2012-06-05,7.6,0.26,3.06,0.73
2012-06-06,9.48,7.67,3.28,0.57
2012-06-07,15.66,1.34,4.03,0.54
2012-06-08,16.46,0.08,4.11,0.47
2012-06-09,14.0,0.02,3.79,0.44
2012-06-10,12.76,0.0,3.62,0.41
2012-06-11,11.99,4.36,3.51,0.41
2012-06-12,13.1,1.81,3.63,0.44
2012-06-13,11.69,13.33,3.44,0.48
2012-06-14,10.97,2.81,3.34,0.61
2012-06-15,14.64,2.55,3.76,0.64
2012-06-16,17.27,0.11,4.05,0.54
2012-06-17,15.3,0.1,3.79,0.45
2012-06-18,19.78,0.0,4.3,0.44
2012-06-19,18.5,13.86,4.12,0.41
2012-06-20,17.26,28.78,3.96,0.69
2012-06-21,16.26,5.64,3.82,1.7
2012-06-22,15.68,0.0,3.73,1.33
2012-06-23,14.71,0.0,3.6,0.96
2012-06-24,14.64,6.01,3.56,0.85
2012-06-25,12.3,3.22,3.28,0.87
2012-06-26,12.32,0.0,3.26,0.77
2012-06-27,15.23,1.74,3.56,0.7
2012-06-28,18.98,0.01,3.95,0.66
2012-06-29,22.03,5.32,4.25,0.63
2012-06-30,22.22,18.57,4.24,0.69
2012-07-01,16.7,1.67,3.44,0.99
2012-07-02,15.19,2.31,3.26,0.73
2012-07-03,17.16,0.0,3.43,0.66
2012-07-04,19.74,5.08,3.66,0.61
2012-07-05,18.72,4.78,3.54,0.79
2012-07-06,18.21,2.62,3.46,0.77
2012-07-07,17.04,3.65,3.31,0.69
2012-07-08,16.98,1.23,3.28,0.64
2012-07-09,16.06,0.65,3.17,0.61
2012-07-10,17.09,2.57,3.24,0.58
2012-07-11,15.34,4.1,3.04,0.57
2012-07-12,12.13,8.3,2.72,0.58
2012-07-13,12.51,19.74,2.73,0.69
2012-07-14,14.05,7.06,2.84,1.24
2012-07-15,12.97,5.28,2.72,1.31
2012-07-16,12.83,6.37,2.68,1.19
2012-07-17,13.56,13.41,2.72,1.33
2012-07-18,17.22,0.17,3.02,1.81
2012-07-19,16.35,0.18,2.91,1.59
2012-07-20,13.9,1.35,2.67,1.42
2012-07-21,11.67,7.93,2.45,1.38
2012-07-22,11.8,0.0,2.44,1.25
2012-07-23,15.42,0.0,2.72,1.07
2012-07-24,19.81,0.0,3.05,0.9
2012-07-25,22.09,3.13,3.2,0.84
2012-07-26,22.71,0.03,3.22,0.85
2012-07-27,24.11,3.71,3.3,0.73
2012-07-28,18.87,12.15,2.84,0.87
2012-07-29,16.13,4.68,2.6,0.93
2012-07-30,13.72,1.01,2.38,0.79
2012-07-31,15.08,0.0,2.46,0.7
2012-08-01,18.95,0.0,3.19,0.66
2012-08-02,20.47,0.0,3.28,0.69
2012-08-03,18.59,0.12,3.08,0.66
2012-08-04,18.41,7.77,3.03,0.64
2012-08-05,18.19,1.61,2.97,0.73
2012-08-06,16.95,0.32,2.83,0.67
2012-08-07,14.8,0.93,2.62,0.63
2012-08-08,15.03,0.0,2.6,0.58
2012-08-09,15.5,0.0,2.61,0.55
2012-08-10,14.3,0.0,2.48,0.52
2012-08-11,13.19,0.0,2.36,0.49
2012-08-12,14.66,0.0,2.44,0.48
2012-08-13,15.93,0.0,2.5,0.47
2012-08-14,17.86,0.0,2.61,0.45
2012-08-15,19.84,1.15,2.72,0.44
2012-08-16,16.57,7.14,2.45,0.49
2012-08-17,16.93,0.0,2.44,0.48
2012-08-18,20.15,0.0,2.63,0.44
2012-08-19,23.72,0.0,2.84,0.43
2012-08-20,24.72,0.06,2.87,0.41
2012-08-21,23.44,7.93,2.74,0.41
2012-08-22,19.03,0.03,2.4,0.48
2012-08-23,16.5,7.27,2.2,0.43
2012-08-24,16.91,8.26,2.2,0.48
2012-08-25,18.28,0.88,2.25,0.55
2012-08-26,14.2,5.97,1.96,0.48
2012-08-27,14.61,0.01,1.95,0.51
2012-08-28,16.21,0.0,2.02,0.45
2012-08-29,18.99,1.29,2.16,0.43
2012-08-30,16.42,3.46,1.97,0.44
2012-08-31,12.99,1.04,1.74,0.48
2012-09-01,12.83,0.04,1.68,0.43
2012-09-02,13.87,0.0,1.71,0.4
2012-09-03,15.56,0.0,1.77,0.4
2012-09-04,15.55,0.0,1.74,0.39
2012-09-05,13.57,1.46,1.61,0.37
2012-09-06,10.95,0.0,1.45,0.37
2012-09-07,13.02,0.0,1.53,0.36
2012-09-08,16.48,0.0,1.68,0.36
2012-09-09,18.69,0.0,1.76,0.35
2012-09-10,19.63,0.0,1.77,0.34
2012-09-11,16.77,22.21,1.61,0.37
2012-09-12,9.88,3.56,1.26,0.64
2012-09-13,8.48,0.0,1.17,0.49
2012-09-14,10.92,1.32,1.26,0.41
2012-09-15,11.15,0.0,1.25,0.39
2012-09-16,11.88,0.0,1.26,0.37
2012-09-17,13.31,0.0,1.3,0.36
2012-09-18,14.21,12.39,1.32,0.36
2012-09-19,8.95,0.07,1.08,0.47
2012-09-20,6.91,0.0,0.98,0.41
2012-09-21,9.42,3.97,1.06,0.39
2012-09-22,9.11,0.0,1.03,0.4
2012-09-23,8.89,0.0,1.0,0.37
2012-09-24,12.92,5.83,1.14,0.37
2012-09-25,11.82,7.72,1.08,0.43
2012-09-26,12.63,15.1,1.09,0.45
2012-09-27,10.12,2.09,0.98,0.67
2012-09-28,10.65,0.0,0.99,0.57
2012-09-29,9.76,0.0,0.94,0.47
2012-09-30,7.88,0.0,0.86,0.43
2012-10-01,9.45,0.0,0.72,0.41
2012-10-02,10.12,0.0,0.73,0.41
2012-10-03,11.86,0.77,0.76,0.4
2012-10-04,9.83,7.13,0.7,0.41
2012-10-05,10.66,0.87,0.71,0.45
2012-10-06,12.75,13.46,0.75,0.43
2012-10-07,7.12,0.02,0.6,0.58
2012-10-08,5.26,0.01,0.54,0.52
2012-10-09,6.65,0.03,0.57,0.47
2012-10-10,4.25,0.0,0.51,0.44
2012-10-11,4.76,0.0,0.51,0.43
2012-10-12,6.91,3.48,0.55,0.44
2012-10-13,6.81,1.63,0.54,0.48
2012-10-14,7.12,1.67,0.54,0.47
2012-10-15,6.45,0.05,0.52,0.47
2012-10-16,6.74,0.0,0.52,0.43
2012-10-17,9.54,0.0,0.58,0.44
2012-10-18,11.54,0.0,0.61,0.41
2012-10-19,13.04,0.0,0.64,0.4
2012-10-20,11.84,0.0,0.61,0.39
2012-10-21,11.41,0.0,0.59,0.37
2012-10-22,8.21,0.0,0.52,0.37
2012-10-23,8.3,0.0,0.52,0.37
2012-10-24,6.35,0.17,0.47,0.36
2012-10-25,6.6,0.19,0.48,0.36
2012-10-26,2.55,9.96,0.39,0.35
2012-10-27,-0.75,2.28,0.32,0.39
2012-10-28,-1.66,0.0,0.3,0.36
2012-10-29,-2.34,3.31,0.29,0.35
2012-10-30,0.85,7.35,0.35,0.36
2012-10-31,3.52,2.02,0.4,0.41
2012-11-01,4.61,2.32,0.27,0.44
2012-11-02,5.46,6.08,0.28,0.49
2012-11-03,5.94,11.33,0.29,0.64
2012-11-04,6.24,2.7,0.29,0.84
2012-11-05,5.18,5.68,0.28,0.8
2012-11-06,2.91,6.7,0.25,0.8
2012-11-07,5.01,3.36,0.27,0.96
2012-11-08,5.42,0.08,0.28,1.1
2012-11-09,5.27,0.0,0.28,0.96
2012-11-10,5.79,5.05,0.28,0.92
2012-11-11,7.83,1.52,0.31,0.9
2012-11-12,3.77,0.0,0.26,0.84
2012-11-13,0.38,0.0,0.22,0.75
2012-11-14,0.16,0.0,0.22,0.7
2012-11-15,-1.28,0.0,0.2,0.66
2012-11-16,-0.37,0.0,0.21,0.64
2012-11-17,-0.57,0.21,0.21,0.61
2012-11-18,2.16,1.04,0.25,0.58
2012-11-19,4.07,0.0,0.27,0.57
2012-11-20,2.12,0.12,0.25,0.54
2012-11-21,2.99,0.0,0.26,0.54
2012-11-22,3.63,0.04,0.28,0.51
2012-11-23,3.56,0.37,0.28,0.49
2012-11-24,5.04,0.01,0.3,0.48
2012-11-25,6.58,0.0,0.32,0.47
2012-11-26,4.61,7.74,0.3,0.47
2012-11-27,5.76,4.23,0.32,0.57
2012-11-28,3.9,9.9,0.3,0.61
2012-11-29,0.63,7.9,0.25,0.93
2012-11-30,-1.4,0.39,0.23,1.07
2012-12-01,-3.94,0.71,0.18,0.87
2012-12-02,-2.18,4.74,0.2,0.75
2012-12-03,-1.84,3.74,0.21,0.7
2012-12-04,0.16,3.11,0.24,0.72
2012-12-05,-0.91,4.7,0.23,0.7
2012-12-06,-3.65,0.35,0.19,0.69
2012-12-07,-5.92,0.0,0.16,0.63
2012-12-08,-8.89,0.0,0.12,0.59
2012-12-09,-5.55,17.19,0.17,0.57
2012-12-10,-0.58,6.25,0.25,0.59
2012-12-11,-4.65,2.0,0.19,0.58
2012-12-12,-5.8,5.41,0.18,0.57
2012-12-13,-6.11,0.47,0.17,0.55
2012-12-14,-1.89,11.99,0.25,0.54
2012-12-15,2.48,10.74,0.32,0.97
2012-12-16,3.1,6.46,0.34,2.73
2012-12-17,2.83,8.12,0.34,4.08
2012-12-18,2.3,1.11,0.34,4.76
2012-12-19,1.21,0.07,0.32,4.16
2012-12-20,-0.15,2.98,0.3,3.12
2012-12-21,-0.85,3.33,0.3,2.52
2012-12-22,1.2,16.2,0.34,2.13
2012-12-23,6.3,17.61,0.44,4.36
2012-12-24,8.16,0.01,0.49,8.15
2012-12-25,6.94,5.77,0.47,7.17
2012-12-26,4.81,10.14,0.44,6.1
2012-12-27,4.82,12.65,0.45,5.95
2012-12-28,2.21,0.3,0.4,6.51
2012-12-29,3.86,0.06,0.44,5.65
2012-12-30,4.21,3.05,0.46,4.71
2012-12-31,4.62,0.05,0.47,3.84
